{
  "A fresh verification link has been sent to your email address.": "Un nouveau lien de vérification a été envoyé à votre adresse email.",
  "All rights reserved.": "Tous droits réservés.",
  "Before proceeding, please check your email for a verification link.": "Avant de continuer, veuillez vérifier votre courrier électronique pour un lien de vérification.",
  "click here to request another": "cliquer ici pour faire une autre demande",
  "Confirm Password": "Confirmez le mot de passe",
  "E-Mail Address": "Adresse email",
  "Error": "Erreur",
  "Forbidden": "Interdit",
  "Forgot Your Password?": "Vous avez oublié votre mot de passe ?",
  "Go Home": "Aller à l'accueil",
  "Hello!": "Bonjour !",
  "hi": "salut",
  "If you did not create an account, no further action is required.": "Si vous n'avez pas créé de compte, aucune action supplémentaire n'est requise.",
  "If you did not receive the email": "Si vous n'avez pas reçu l'email",
  "If you did not request a password reset, no further action is required.": "Si vous n'avez pas demandé de réinitialisation de mot de passe, aucune autre action n'est requise.",
  "If you’re having trouble clicking the \":actionText\" button, copy and paste the URL below\ninto your web browser: [:actionURL](:actionURL)": "Si vous avez des problèmes en cliquant sur le bouton \":actionText\", faites un copié/collé de l'url ci-dessous dans votre navigateur :\n [:actionURL](:actionURL)",
  "Login": "Connexion",
  "Logout": "Déconnexion",
  "Name": "Nom",
  "Oh no": "Oh non",
  "Page Expired": "Page expirée",
  "Page Not Found": "Page non trouvée",
  "Password": "Mot de passe",
  "Please click the button below to verify your email address.": "Veuillez cliquer sur le bouton ci-dessous pour vérifier votre adresse email.",
  "Regards": "Cordialement",
  "Register": "S'inscrire",
  "Remember Me": "Se souvenir de moi",
  "Reset Password": "Réinitialisation du mot de passe",
  "Reset Password Notification": "Notification de réinitialisation du mot de passe",
  "Send Password Reset Link": "Envoyer le lien de réinitialisation du mot de passe",
  "Service Unavailable": "Service indisponible",
  "Sorry, the page you are looking for could not be found.": "Désolé, la page que vous recherchez est introuvable.",
  "Sorry, you are forbidden from accessing this page.": "Désolé, vous ne pouvez accéder à cette page.",
  "Sorry, you are making too many requests to our servers.": "Désolé, vous faites trop de requêtes vers nos serveurs.",
  "Sorry, you are not authorized to access this page.": "Désolé, vous n'êtes pas autorisé à accéder à cette page.",
  "Sorry, your session has expired. Please refresh and try again.": "Désolé, votre session a expiré. Veuillez actualiser la page et réessayer.",
  "Sorry, we are doing some maintenance. Please check back soon.": "Désolé, nous sommes en maintenance. Veuillez revenir plus tard.",
  "This password reset link will expire in :count minutes.": "Ce lien de réinitialisation du mot de passe expirera dans :count minutes.",
  "Toggle navigation": "Basculer la navigation",
  "Too Many Requests": "Trop de requêtes",
  "Unauthorized": "Non autorisé",
  "Verify Email Address": "Vérification de l'adresse email",
  "Verify Your Email Address": "Vérifiez votre adresse email",
  "You are receiving this email because we received a password reset request for your account.": "Vous recevez cet email car nous avons reçu une demande de réinitialisation de mot de passe pour votre compte.",
  "Whoops!": "Oups !",
  "Whoops, something went wrong on our servers.": "Oups, quelque chose s'est mal passé sur nos serveurs."
}
